{"episodes": [{"episode_id": "0", "scene_id": "gibson_semantic//Collierville.glb", "start_position": [-2.4568357467651367, 0.026745080947875977, -1.5357856750488281], "start_rotation": [0, 0.02223112828807172, 0, 0.9997528579279178], "info": {"geodesic_distance": 4.395505905151367}, "goals": [{"position": [0.5122390389442444, 0.03894525766372681, 1.1862249374389648], "radius": 0.2}], "start_room": null, "shortest_paths": null}]}